49090,http://fpno.edu.ng/fpno/site/qr_check/
49091,http://fpno.edu.ng/fpno/site/qr_check/
49092,http://fpno.edu.ng/fpno/site/qr_check/
49093,http://fpno.edu.ng/fpno/site/qr_check/
49094,http://fpno.edu.ng/fpno/site/qr_check/
49095,http://fpno.edu.ng/fpno/site/qr_check/
49096,http://fpno.edu.ng/fpno/site/qr_check/
49097,http://fpno.edu.ng/fpno/site/qr_check/
49098,http://fpno.edu.ng/fpno/site/qr_check/
49099,http://fpno.edu.ng/fpno/site/qr_check/
49100,http://fpno.edu.ng/fpno/site/qr_check/
49101,http://fpno.edu.ng/fpno/site/qr_check/
49102,http://fpno.edu.ng/fpno/site/qr_check/
49103,http://fpno.edu.ng/fpno/site/qr_check/
49104,http://fpno.edu.ng/fpno/site/qr_check/
49105,http://fpno.edu.ng/fpno/site/qr_check/
49106,http://fpno.edu.ng/fpno/site/qr_check/
49107,http://fpno.edu.ng/fpno/site/qr_check/
49108,http://fpno.edu.ng/fpno/site/qr_check/
49109,http://fpno.edu.ng/fpno/site/qr_check/
49110,http://fpno.edu.ng/fpno/site/qr_check/
49111,http://fpno.edu.ng/fpno/site/qr_check/
49112,http://fpno.edu.ng/fpno/site/qr_check/
49113,http://fpno.edu.ng/fpno/site/qr_check/
49114,http://fpno.edu.ng/fpno/site/qr_check/
49115,http://fpno.edu.ng/fpno/site/qr_check/
49116,http://fpno.edu.ng/fpno/site/qr_check/
49117,http://fpno.edu.ng/fpno/site/qr_check/
49118,http://fpno.edu.ng/fpno/site/qr_check/
49119,http://fpno.edu.ng/fpno/site/qr_check/
49120,http://fpno.edu.ng/fpno/site/qr_check/
49121,http://fpno.edu.ng/fpno/site/qr_check/
49122,http://fpno.edu.ng/fpno/site/qr_check/
49123,http://fpno.edu.ng/fpno/site/qr_check/
49124,http://fpno.edu.ng/fpno/site/qr_check/
49125,http://fpno.edu.ng/fpno/site/qr_check/
49126,http://fpno.edu.ng/fpno/site/qr_check/
49127,http://fpno.edu.ng/fpno/site/qr_check/
49128,http://fpno.edu.ng/fpno/site/qr_check/
49129,http://fpno.edu.ng/fpno/site/qr_check/
49130,http://fpno.edu.ng/fpno/site/qr_check/
49131,http://fpno.edu.ng/fpno/site/qr_check/
49132,http://fpno.edu.ng/fpno/site/qr_check/
49133,http://fpno.edu.ng/fpno/site/qr_check/
49134,http://fpno.edu.ng/fpno/site/qr_check/
49135,http://fpno.edu.ng/fpno/site/qr_check/
49136,http://fpno.edu.ng/fpno/site/qr_check/
49137,http://fpno.edu.ng/fpno/site/qr_check/
49138,http://fpno.edu.ng/fpno/site/qr_check/
49139,http://fpno.edu.ng/fpno/site/qr_check/
49140,http://fpno.edu.ng/fpno/site/qr_check/
49141,http://fpno.edu.ng/fpno/site/qr_check/
49142,http://fpno.edu.ng/fpno/site/qr_check/
49143,http://fpno.edu.ng/fpno/site/qr_check/
49144,http://fpno.edu.ng/fpno/site/qr_check/
49145,http://fpno.edu.ng/fpno/site/qr_check/
49146,http://fpno.edu.ng/fpno/site/qr_check/
49147,http://fpno.edu.ng/fpno/site/qr_check/
49148,http://fpno.edu.ng/fpno/site/qr_check/
49149,http://fpno.edu.ng/fpno/site/qr_check/
49150,http://fpno.edu.ng/fpno/site/qr_check/
49151,http://fpno.edu.ng/fpno/site/qr_check/
49152,http://fpno.edu.ng/fpno/site/qr_check/
49153,http://fpno.edu.ng/fpno/site/qr_check/
49154,http://fpno.edu.ng/fpno/site/qr_check/
49155,http://fpno.edu.ng/fpno/site/qr_check/
49156,http://fpno.edu.ng/fpno/site/qr_check/
49157,http://fpno.edu.ng/fpno/site/qr_check/
49158,http://fpno.edu.ng/fpno/site/qr_check/
49159,http://fpno.edu.ng/fpno/site/qr_check/
49160,http://fpno.edu.ng/fpno/site/qr_check/
49161,http://fpno.edu.ng/fpno/site/qr_check/
49162,http://fpno.edu.ng/fpno/site/qr_check/
49163,http://fpno.edu.ng/fpno/site/qr_check/
49164,http://fpno.edu.ng/fpno/site/qr_check/
49165,http://fpno.edu.ng/fpno/site/qr_check/
49166,http://fpno.edu.ng/fpno/site/qr_check/
49167,http://fpno.edu.ng/fpno/site/qr_check/
49168,http://fpno.edu.ng/fpno/site/qr_check/
49169,http://fpno.edu.ng/fpno/site/qr_check/
49170,http://fpno.edu.ng/fpno/site/qr_check/
49171,http://fpno.edu.ng/fpno/site/qr_check/
49172,http://fpno.edu.ng/fpno/site/qr_check/
49173,http://fpno.edu.ng/fpno/site/qr_check/
49174,http://fpno.edu.ng/fpno/site/qr_check/
49175,http://fpno.edu.ng/fpno/site/qr_check/
49176,http://fpno.edu.ng/fpno/site/qr_check/
49177,http://fpno.edu.ng/fpno/site/qr_check/
49178,http://fpno.edu.ng/fpno/site/qr_check/
49179,http://fpno.edu.ng/fpno/site/qr_check/
49180,http://fpno.edu.ng/fpno/site/qr_check/
49181,http://fpno.edu.ng/fpno/site/qr_check/
49182,http://fpno.edu.ng/fpno/site/qr_check/
49183,http://fpno.edu.ng/fpno/site/qr_check/
49184,http://fpno.edu.ng/fpno/site/qr_check/
49185,http://fpno.edu.ng/fpno/site/qr_check/
49186,http://fpno.edu.ng/fpno/site/qr_check/
49187,http://fpno.edu.ng/fpno/site/qr_check/
49188,http://fpno.edu.ng/fpno/site/qr_check/
49189,http://fpno.edu.ng/fpno/site/qr_check/
49190,http://fpno.edu.ng/fpno/site/qr_check/
49191,http://fpno.edu.ng/fpno/site/qr_check/
49192,http://fpno.edu.ng/fpno/site/qr_check/
49193,http://fpno.edu.ng/fpno/site/qr_check/
49194,http://fpno.edu.ng/fpno/site/qr_check/
49195,http://fpno.edu.ng/fpno/site/qr_check/
49196,http://fpno.edu.ng/fpno/site/qr_check/
49197,http://fpno.edu.ng/fpno/site/qr_check/
49198,http://fpno.edu.ng/fpno/site/qr_check/
49199,http://fpno.edu.ng/fpno/site/qr_check/
49200,http://fpno.edu.ng/fpno/site/qr_check/
49201,http://fpno.edu.ng/fpno/site/qr_check/
49202,http://fpno.edu.ng/fpno/site/qr_check/
49203,http://fpno.edu.ng/fpno/site/qr_check/
49204,http://fpno.edu.ng/fpno/site/qr_check/
49205,http://fpno.edu.ng/fpno/site/qr_check/
49206,http://fpno.edu.ng/fpno/site/qr_check/
49207,http://fpno.edu.ng/fpno/site/qr_check/
49208,http://fpno.edu.ng/fpno/site/qr_check/
49209,http://fpno.edu.ng/fpno/site/qr_check/
49210,http://fpno.edu.ng/fpno/site/qr_check/
49211,http://fpno.edu.ng/fpno/site/qr_check/
49212,http://fpno.edu.ng/fpno/site/qr_check/
49213,http://fpno.edu.ng/fpno/site/qr_check/
49214,http://fpno.edu.ng/fpno/site/qr_check/
49215,http://fpno.edu.ng/fpno/site/qr_check/
49216,http://fpno.edu.ng/fpno/site/qr_check/
49217,http://fpno.edu.ng/fpno/site/qr_check/
49218,http://fpno.edu.ng/fpno/site/qr_check/
49219,http://fpno.edu.ng/fpno/site/qr_check/
49220,http://fpno.edu.ng/fpno/site/qr_check/
49221,http://fpno.edu.ng/fpno/site/qr_check/
49222,http://fpno.edu.ng/fpno/site/qr_check/
49223,http://fpno.edu.ng/fpno/site/qr_check/
49224,http://fpno.edu.ng/fpno/site/qr_check/
49225,http://fpno.edu.ng/fpno/site/qr_check/
49226,http://fpno.edu.ng/fpno/site/qr_check/
49227,http://fpno.edu.ng/fpno/site/qr_check/
49228,http://fpno.edu.ng/fpno/site/qr_check/
49229,http://fpno.edu.ng/fpno/site/qr_check/
49230,http://fpno.edu.ng/fpno/site/qr_check/
49231,http://fpno.edu.ng/fpno/site/qr_check/
49232,http://fpno.edu.ng/fpno/site/qr_check/
49233,http://fpno.edu.ng/fpno/site/qr_check/
49234,http://fpno.edu.ng/fpno/site/qr_check/
49235,http://fpno.edu.ng/fpno/site/qr_check/
49236,http://fpno.edu.ng/fpno/site/qr_check/
49237,http://fpno.edu.ng/fpno/site/qr_check/
49238,http://fpno.edu.ng/fpno/site/qr_check/
49239,http://fpno.edu.ng/fpno/site/qr_check/
49240,http://fpno.edu.ng/fpno/site/qr_check/
49241,http://fpno.edu.ng/fpno/site/qr_check/
49242,http://fpno.edu.ng/fpno/site/qr_check/
49243,http://fpno.edu.ng/fpno/site/qr_check/
49244,http://fpno.edu.ng/fpno/site/qr_check/
49245,http://fpno.edu.ng/fpno/site/qr_check/
49246,http://fpno.edu.ng/fpno/site/qr_check/
49247,http://fpno.edu.ng/fpno/site/qr_check/
49248,http://fpno.edu.ng/fpno/site/qr_check/
49249,http://fpno.edu.ng/fpno/site/qr_check/
49250,http://fpno.edu.ng/fpno/site/qr_check/
49251,http://fpno.edu.ng/fpno/site/qr_check/
49252,http://fpno.edu.ng/fpno/site/qr_check/
49253,http://fpno.edu.ng/fpno/site/qr_check/
49254,http://fpno.edu.ng/fpno/site/qr_check/
49255,http://fpno.edu.ng/fpno/site/qr_check/
49256,http://fpno.edu.ng/fpno/site/qr_check/
49257,http://fpno.edu.ng/fpno/site/qr_check/
49258,http://fpno.edu.ng/fpno/site/qr_check/
49259,http://fpno.edu.ng/fpno/site/qr_check/
49260,http://fpno.edu.ng/fpno/site/qr_check/
49261,http://fpno.edu.ng/fpno/site/qr_check/
49262,http://fpno.edu.ng/fpno/site/qr_check/
49263,http://fpno.edu.ng/fpno/site/qr_check/
49264,http://fpno.edu.ng/fpno/site/qr_check/
49265,http://fpno.edu.ng/fpno/site/qr_check/
49266,http://fpno.edu.ng/fpno/site/qr_check/
49267,http://fpno.edu.ng/fpno/site/qr_check/
49268,http://fpno.edu.ng/fpno/site/qr_check/
49269,http://fpno.edu.ng/fpno/site/qr_check/
49270,http://fpno.edu.ng/fpno/site/qr_check/
49271,http://fpno.edu.ng/fpno/site/qr_check/
49272,http://fpno.edu.ng/fpno/site/qr_check/
49273,http://fpno.edu.ng/fpno/site/qr_check/
49274,http://fpno.edu.ng/fpno/site/qr_check/
49275,http://fpno.edu.ng/fpno/site/qr_check/
49276,http://fpno.edu.ng/fpno/site/qr_check/
49277,http://fpno.edu.ng/fpno/site/qr_check/
49278,http://fpno.edu.ng/fpno/site/qr_check/
49279,http://fpno.edu.ng/fpno/site/qr_check/
49280,http://fpno.edu.ng/fpno/site/qr_check/
49281,http://fpno.edu.ng/fpno/site/qr_check/
49282,http://fpno.edu.ng/fpno/site/qr_check/
49283,http://fpno.edu.ng/fpno/site/qr_check/
49284,http://fpno.edu.ng/fpno/site/qr_check/
49285,http://fpno.edu.ng/fpno/site/qr_check/
49286,http://fpno.edu.ng/fpno/site/qr_check/
49287,http://fpno.edu.ng/fpno/site/qr_check/
49288,http://fpno.edu.ng/fpno/site/qr_check/
49289,http://fpno.edu.ng/fpno/site/qr_check/
49290,http://fpno.edu.ng/fpno/site/qr_check/
49291,http://fpno.edu.ng/fpno/site/qr_check/
49292,http://fpno.edu.ng/fpno/site/qr_check/
49293,http://fpno.edu.ng/fpno/site/qr_check/
49294,http://fpno.edu.ng/fpno/site/qr_check/
49295,http://fpno.edu.ng/fpno/site/qr_check/
49296,http://fpno.edu.ng/fpno/site/qr_check/
49297,http://fpno.edu.ng/fpno/site/qr_check/
49298,http://fpno.edu.ng/fpno/site/qr_check/
49299,http://fpno.edu.ng/fpno/site/qr_check/
49300,http://fpno.edu.ng/fpno/site/qr_check/
49301,http://fpno.edu.ng/fpno/site/qr_check/
49302,http://fpno.edu.ng/fpno/site/qr_check/
49303,http://fpno.edu.ng/fpno/site/qr_check/
49304,http://fpno.edu.ng/fpno/site/qr_check/
49305,http://fpno.edu.ng/fpno/site/qr_check/
49306,http://fpno.edu.ng/fpno/site/qr_check/
49307,http://fpno.edu.ng/fpno/site/qr_check/
49308,http://fpno.edu.ng/fpno/site/qr_check/
49309,http://fpno.edu.ng/fpno/site/qr_check/
49310,http://fpno.edu.ng/fpno/site/qr_check/
49311,http://fpno.edu.ng/fpno/site/qr_check/
49312,http://fpno.edu.ng/fpno/site/qr_check/
49313,http://fpno.edu.ng/fpno/site/qr_check/
49314,http://fpno.edu.ng/fpno/site/qr_check/
49315,http://fpno.edu.ng/fpno/site/qr_check/
49316,http://fpno.edu.ng/fpno/site/qr_check/
49317,http://fpno.edu.ng/fpno/site/qr_check/
49318,http://fpno.edu.ng/fpno/site/qr_check/
49319,http://fpno.edu.ng/fpno/site/qr_check/
49320,http://fpno.edu.ng/fpno/site/qr_check/
49321,http://fpno.edu.ng/fpno/site/qr_check/
49322,http://fpno.edu.ng/fpno/site/qr_check/
49323,http://fpno.edu.ng/fpno/site/qr_check/
49324,http://fpno.edu.ng/fpno/site/qr_check/
49325,http://fpno.edu.ng/fpno/site/qr_check/
49326,http://fpno.edu.ng/fpno/site/qr_check/
49327,http://fpno.edu.ng/fpno/site/qr_check/
49328,http://fpno.edu.ng/fpno/site/qr_check/
49329,http://fpno.edu.ng/fpno/site/qr_check/
49330,http://fpno.edu.ng/fpno/site/qr_check/
49331,http://fpno.edu.ng/fpno/site/qr_check/
49332,http://fpno.edu.ng/fpno/site/qr_check/
49333,http://fpno.edu.ng/fpno/site/qr_check/
49334,http://fpno.edu.ng/fpno/site/qr_check/
49335,http://fpno.edu.ng/fpno/site/qr_check/
49336,http://fpno.edu.ng/fpno/site/qr_check/
49337,http://fpno.edu.ng/fpno/site/qr_check/
49338,http://fpno.edu.ng/fpno/site/qr_check/
49339,http://fpno.edu.ng/fpno/site/qr_check/
49340,http://fpno.edu.ng/fpno/site/qr_check/
49341,http://fpno.edu.ng/fpno/site/qr_check/
49342,http://fpno.edu.ng/fpno/site/qr_check/
49343,http://fpno.edu.ng/fpno/site/qr_check/
49344,http://fpno.edu.ng/fpno/site/qr_check/
49345,http://fpno.edu.ng/fpno/site/qr_check/
49346,http://fpno.edu.ng/fpno/site/qr_check/
49347,http://fpno.edu.ng/fpno/site/qr_check/
49348,http://fpno.edu.ng/fpno/site/qr_check/
49349,http://fpno.edu.ng/fpno/site/qr_check/
49350,http://fpno.edu.ng/fpno/site/qr_check/
49351,http://fpno.edu.ng/fpno/site/qr_check/
49352,http://fpno.edu.ng/fpno/site/qr_check/
49353,http://fpno.edu.ng/fpno/site/qr_check/
49354,http://fpno.edu.ng/fpno/site/qr_check/
49355,http://fpno.edu.ng/fpno/site/qr_check/
49356,http://fpno.edu.ng/fpno/site/qr_check/
49357,http://fpno.edu.ng/fpno/site/qr_check/
49358,http://fpno.edu.ng/fpno/site/qr_check/
49359,http://fpno.edu.ng/fpno/site/qr_check/
49360,http://fpno.edu.ng/fpno/site/qr_check/
49361,http://fpno.edu.ng/fpno/site/qr_check/
49362,http://fpno.edu.ng/fpno/site/qr_check/
49363,http://fpno.edu.ng/fpno/site/qr_check/
49364,http://fpno.edu.ng/fpno/site/qr_check/
49365,http://fpno.edu.ng/fpno/site/qr_check/
49366,http://fpno.edu.ng/fpno/site/qr_check/
49367,http://fpno.edu.ng/fpno/site/qr_check/
49368,http://fpno.edu.ng/fpno/site/qr_check/
49369,http://fpno.edu.ng/fpno/site/qr_check/
49370,http://fpno.edu.ng/fpno/site/qr_check/
49371,http://fpno.edu.ng/fpno/site/qr_check/
49372,http://fpno.edu.ng/fpno/site/qr_check/
49373,http://fpno.edu.ng/fpno/site/qr_check/
49374,http://fpno.edu.ng/fpno/site/qr_check/
49375,http://fpno.edu.ng/fpno/site/qr_check/
49376,http://fpno.edu.ng/fpno/site/qr_check/
49377,http://fpno.edu.ng/fpno/site/qr_check/
49378,http://fpno.edu.ng/fpno/site/qr_check/
49379,http://fpno.edu.ng/fpno/site/qr_check/
49380,http://fpno.edu.ng/fpno/site/qr_check/
49381,http://fpno.edu.ng/fpno/site/qr_check/
49382,http://fpno.edu.ng/fpno/site/qr_check/
49383,http://fpno.edu.ng/fpno/site/qr_check/
49384,http://fpno.edu.ng/fpno/site/qr_check/
49385,http://fpno.edu.ng/fpno/site/qr_check/
49386,http://fpno.edu.ng/fpno/site/qr_check/
49387,http://fpno.edu.ng/fpno/site/qr_check/
49388,http://fpno.edu.ng/fpno/site/qr_check/
49389,http://fpno.edu.ng/fpno/site/qr_check/
49390,http://fpno.edu.ng/fpno/site/qr_check/
49391,http://fpno.edu.ng/fpno/site/qr_check/
49392,http://fpno.edu.ng/fpno/site/qr_check/
49393,http://fpno.edu.ng/fpno/site/qr_check/
49394,http://fpno.edu.ng/fpno/site/qr_check/
49395,http://fpno.edu.ng/fpno/site/qr_check/
49396,http://fpno.edu.ng/fpno/site/qr_check/
49397,http://fpno.edu.ng/fpno/site/qr_check/
49398,http://fpno.edu.ng/fpno/site/qr_check/
49399,http://fpno.edu.ng/fpno/site/qr_check/
49400,http://fpno.edu.ng/fpno/site/qr_check/
49401,http://fpno.edu.ng/fpno/site/qr_check/
49402,http://fpno.edu.ng/fpno/site/qr_check/
49403,http://fpno.edu.ng/fpno/site/qr_check/
49404,http://fpno.edu.ng/fpno/site/qr_check/
49405,http://fpno.edu.ng/fpno/site/qr_check/
49406,http://fpno.edu.ng/fpno/site/qr_check/
49407,http://fpno.edu.ng/fpno/site/qr_check/
49408,http://fpno.edu.ng/fpno/site/qr_check/
49409,http://fpno.edu.ng/fpno/site/qr_check/
49410,http://fpno.edu.ng/fpno/site/qr_check/
49411,http://fpno.edu.ng/fpno/site/qr_check/
49412,http://fpno.edu.ng/fpno/site/qr_check/
49413,http://fpno.edu.ng/fpno/site/qr_check/
49414,http://fpno.edu.ng/fpno/site/qr_check/
49415,http://fpno.edu.ng/fpno/site/qr_check/
49416,http://fpno.edu.ng/fpno/site/qr_check/
49417,http://fpno.edu.ng/fpno/site/qr_check/
49418,http://fpno.edu.ng/fpno/site/qr_check/
49419,http://fpno.edu.ng/fpno/site/qr_check/
49420,http://fpno.edu.ng/fpno/site/qr_check/
49421,http://fpno.edu.ng/fpno/site/qr_check/
49422,http://fpno.edu.ng/fpno/site/qr_check/
49423,http://fpno.edu.ng/fpno/site/qr_check/
49424,http://fpno.edu.ng/fpno/site/qr_check/
49425,http://fpno.edu.ng/fpno/site/qr_check/
49426,http://fpno.edu.ng/fpno/site/qr_check/
49427,http://fpno.edu.ng/fpno/site/qr_check/
49428,http://fpno.edu.ng/fpno/site/qr_check/
49429,http://fpno.edu.ng/fpno/site/qr_check/
49430,http://fpno.edu.ng/fpno/site/qr_check/
49431,http://fpno.edu.ng/fpno/site/qr_check/
49432,http://fpno.edu.ng/fpno/site/qr_check/
49433,http://fpno.edu.ng/fpno/site/qr_check/
49434,http://fpno.edu.ng/fpno/site/qr_check/
49435,http://fpno.edu.ng/fpno/site/qr_check/
49436,http://fpno.edu.ng/fpno/site/qr_check/
49437,http://fpno.edu.ng/fpno/site/qr_check/
49438,http://fpno.edu.ng/fpno/site/qr_check/
49439,http://fpno.edu.ng/fpno/site/qr_check/
49440,http://fpno.edu.ng/fpno/site/qr_check/
49441,http://fpno.edu.ng/fpno/site/qr_check/
49442,http://fpno.edu.ng/fpno/site/qr_check/
49443,http://fpno.edu.ng/fpno/site/qr_check/
49444,http://fpno.edu.ng/fpno/site/qr_check/
49445,http://fpno.edu.ng/fpno/site/qr_check/
49446,http://fpno.edu.ng/fpno/site/qr_check/
49447,http://fpno.edu.ng/fpno/site/qr_check/
49448,http://fpno.edu.ng/fpno/site/qr_check/
49449,http://fpno.edu.ng/fpno/site/qr_check/
49450,http://fpno.edu.ng/fpno/site/qr_check/
49451,http://fpno.edu.ng/fpno/site/qr_check/
49452,http://fpno.edu.ng/fpno/site/qr_check/
49453,http://fpno.edu.ng/fpno/site/qr_check/
49454,http://fpno.edu.ng/fpno/site/qr_check/
49455,http://fpno.edu.ng/fpno/site/qr_check/
49456,http://fpno.edu.ng/fpno/site/qr_check/
49457,http://fpno.edu.ng/fpno/site/qr_check/
49458,http://fpno.edu.ng/fpno/site/qr_check/
49459,http://fpno.edu.ng/fpno/site/qr_check/
49460,http://fpno.edu.ng/fpno/site/qr_check/
49461,http://fpno.edu.ng/fpno/site/qr_check/
49462,http://fpno.edu.ng/fpno/site/qr_check/
49463,http://fpno.edu.ng/fpno/site/qr_check/
49464,http://fpno.edu.ng/fpno/site/qr_check/
49465,http://fpno.edu.ng/fpno/site/qr_check/
49466,http://fpno.edu.ng/fpno/site/qr_check/
49467,http://fpno.edu.ng/fpno/site/qr_check/
49468,http://fpno.edu.ng/fpno/site/qr_check/
49469,http://fpno.edu.ng/fpno/site/qr_check/
49470,http://fpno.edu.ng/fpno/site/qr_check/
49471,http://fpno.edu.ng/fpno/site/qr_check/
49472,http://fpno.edu.ng/fpno/site/qr_check/
49473,http://fpno.edu.ng/fpno/site/qr_check/
49474,http://fpno.edu.ng/fpno/site/qr_check/
49475,http://fpno.edu.ng/fpno/site/qr_check/
49476,http://fpno.edu.ng/fpno/site/qr_check/
49477,http://fpno.edu.ng/fpno/site/qr_check/
49478,http://fpno.edu.ng/fpno/site/qr_check/
49479,http://fpno.edu.ng/fpno/site/qr_check/
49480,http://fpno.edu.ng/fpno/site/qr_check/
49481,http://fpno.edu.ng/fpno/site/qr_check/
49482,http://fpno.edu.ng/fpno/site/qr_check/
49483,http://fpno.edu.ng/fpno/site/qr_check/
49484,http://fpno.edu.ng/fpno/site/qr_check/
49485,http://fpno.edu.ng/fpno/site/qr_check/
49486,http://fpno.edu.ng/fpno/site/qr_check/
49487,http://fpno.edu.ng/fpno/site/qr_check/
49488,http://fpno.edu.ng/fpno/site/qr_check/
49489,http://fpno.edu.ng/fpno/site/qr_check/
49490,http://fpno.edu.ng/fpno/site/qr_check/
49491,http://fpno.edu.ng/fpno/site/qr_check/
49492,http://fpno.edu.ng/fpno/site/qr_check/
49493,http://fpno.edu.ng/fpno/site/qr_check/
49494,http://fpno.edu.ng/fpno/site/qr_check/
49495,http://fpno.edu.ng/fpno/site/qr_check/
49496,http://fpno.edu.ng/fpno/site/qr_check/
49497,http://fpno.edu.ng/fpno/site/qr_check/
49498,http://fpno.edu.ng/fpno/site/qr_check/
49499,http://fpno.edu.ng/fpno/site/qr_check/
49500,http://fpno.edu.ng/fpno/site/qr_check/
49501,http://fpno.edu.ng/fpno/site/qr_check/
49502,http://fpno.edu.ng/fpno/site/qr_check/
49503,http://fpno.edu.ng/fpno/site/qr_check/
49504,http://fpno.edu.ng/fpno/site/qr_check/
49505,http://fpno.edu.ng/fpno/site/qr_check/
49506,http://fpno.edu.ng/fpno/site/qr_check/
49507,http://fpno.edu.ng/fpno/site/qr_check/
49508,http://fpno.edu.ng/fpno/site/qr_check/
49509,http://fpno.edu.ng/fpno/site/qr_check/
49510,http://fpno.edu.ng/fpno/site/qr_check/
49511,http://fpno.edu.ng/fpno/site/qr_check/
49512,http://fpno.edu.ng/fpno/site/qr_check/
49513,http://fpno.edu.ng/fpno/site/qr_check/
49514,http://fpno.edu.ng/fpno/site/qr_check/
49515,http://fpno.edu.ng/fpno/site/qr_check/
49516,http://fpno.edu.ng/fpno/site/qr_check/
49517,http://fpno.edu.ng/fpno/site/qr_check/
49518,http://fpno.edu.ng/fpno/site/qr_check/
49519,http://fpno.edu.ng/fpno/site/qr_check/
49520,http://fpno.edu.ng/fpno/site/qr_check/
49521,http://fpno.edu.ng/fpno/site/qr_check/
49522,http://fpno.edu.ng/fpno/site/qr_check/
49523,http://fpno.edu.ng/fpno/site/qr_check/
49524,http://fpno.edu.ng/fpno/site/qr_check/
49525,http://fpno.edu.ng/fpno/site/qr_check/
49526,http://fpno.edu.ng/fpno/site/qr_check/
49527,http://fpno.edu.ng/fpno/site/qr_check/
49528,http://fpno.edu.ng/fpno/site/qr_check/
49529,http://fpno.edu.ng/fpno/site/qr_check/
49530,http://fpno.edu.ng/fpno/site/qr_check/
49531,http://fpno.edu.ng/fpno/site/qr_check/
49532,http://fpno.edu.ng/fpno/site/qr_check/
49533,http://fpno.edu.ng/fpno/site/qr_check/
49534,http://fpno.edu.ng/fpno/site/qr_check/
49535,http://fpno.edu.ng/fpno/site/qr_check/
49536,http://fpno.edu.ng/fpno/site/qr_check/
49537,http://fpno.edu.ng/fpno/site/qr_check/
49538,http://fpno.edu.ng/fpno/site/qr_check/
49539,http://fpno.edu.ng/fpno/site/qr_check/
49540,http://fpno.edu.ng/fpno/site/qr_check/
49541,http://fpno.edu.ng/fpno/site/qr_check/
49542,http://fpno.edu.ng/fpno/site/qr_check/
49543,http://fpno.edu.ng/fpno/site/qr_check/
49544,http://fpno.edu.ng/fpno/site/qr_check/
49545,http://fpno.edu.ng/fpno/site/qr_check/
49546,http://fpno.edu.ng/fpno/site/qr_check/
49547,http://fpno.edu.ng/fpno/site/qr_check/
49548,http://fpno.edu.ng/fpno/site/qr_check/
49549,http://fpno.edu.ng/fpno/site/qr_check/
49550,http://fpno.edu.ng/fpno/site/qr_check/
49551,http://fpno.edu.ng/fpno/site/qr_check/
49552,http://fpno.edu.ng/fpno/site/qr_check/
49553,http://fpno.edu.ng/fpno/site/qr_check/
49554,http://fpno.edu.ng/fpno/site/qr_check/
49555,http://fpno.edu.ng/fpno/site/qr_check/
49556,http://fpno.edu.ng/fpno/site/qr_check/
49557,http://fpno.edu.ng/fpno/site/qr_check/
49558,http://fpno.edu.ng/fpno/site/qr_check/
49559,http://fpno.edu.ng/fpno/site/qr_check/
49560,http://fpno.edu.ng/fpno/site/qr_check/
49561,http://fpno.edu.ng/fpno/site/qr_check/
49562,http://fpno.edu.ng/fpno/site/qr_check/
49563,http://fpno.edu.ng/fpno/site/qr_check/
49564,http://fpno.edu.ng/fpno/site/qr_check/
49565,http://fpno.edu.ng/fpno/site/qr_check/
49566,http://fpno.edu.ng/fpno/site/qr_check/
49567,http://fpno.edu.ng/fpno/site/qr_check/
49568,http://fpno.edu.ng/fpno/site/qr_check/
49569,http://fpno.edu.ng/fpno/site/qr_check/
49570,http://fpno.edu.ng/fpno/site/qr_check/
49571,http://fpno.edu.ng/fpno/site/qr_check/
49572,http://fpno.edu.ng/fpno/site/qr_check/
49573,http://fpno.edu.ng/fpno/site/qr_check/
49574,http://fpno.edu.ng/fpno/site/qr_check/
49575,http://fpno.edu.ng/fpno/site/qr_check/
49576,http://fpno.edu.ng/fpno/site/qr_check/
49577,http://fpno.edu.ng/fpno/site/qr_check/
49578,http://fpno.edu.ng/fpno/site/qr_check/
49579,http://fpno.edu.ng/fpno/site/qr_check/
49580,http://fpno.edu.ng/fpno/site/qr_check/
49581,http://fpno.edu.ng/fpno/site/qr_check/
49582,http://fpno.edu.ng/fpno/site/qr_check/
49583,http://fpno.edu.ng/fpno/site/qr_check/
49584,http://fpno.edu.ng/fpno/site/qr_check/
49585,http://fpno.edu.ng/fpno/site/qr_check/
49586,http://fpno.edu.ng/fpno/site/qr_check/
49587,http://fpno.edu.ng/fpno/site/qr_check/
49588,http://fpno.edu.ng/fpno/site/qr_check/
49589,http://fpno.edu.ng/fpno/site/qr_check/
49590,http://fpno.edu.ng/fpno/site/qr_check/
49591,http://fpno.edu.ng/fpno/site/qr_check/
49592,http://fpno.edu.ng/fpno/site/qr_check/
49593,http://fpno.edu.ng/fpno/site/qr_check/
49594,http://fpno.edu.ng/fpno/site/qr_check/
49595,http://fpno.edu.ng/fpno/site/qr_check/
49596,http://fpno.edu.ng/fpno/site/qr_check/
49597,http://fpno.edu.ng/fpno/site/qr_check/
49598,http://fpno.edu.ng/fpno/site/qr_check/
49599,http://fpno.edu.ng/fpno/site/qr_check/
49600,http://fpno.edu.ng/fpno/site/qr_check/
49601,http://fpno.edu.ng/fpno/site/qr_check/
49602,http://fpno.edu.ng/fpno/site/qr_check/
49603,http://fpno.edu.ng/fpno/site/qr_check/
49604,http://fpno.edu.ng/fpno/site/qr_check/
49605,http://fpno.edu.ng/fpno/site/qr_check/
49606,http://fpno.edu.ng/fpno/site/qr_check/
49607,http://fpno.edu.ng/fpno/site/qr_check/
49608,http://fpno.edu.ng/fpno/site/qr_check/
49609,http://fpno.edu.ng/fpno/site/qr_check/
49610,http://fpno.edu.ng/fpno/site/qr_check/
49611,http://fpno.edu.ng/fpno/site/qr_check/
49612,http://fpno.edu.ng/fpno/site/qr_check/
49613,http://fpno.edu.ng/fpno/site/qr_check/
49614,http://fpno.edu.ng/fpno/site/qr_check/
49615,http://fpno.edu.ng/fpno/site/qr_check/
49616,http://fpno.edu.ng/fpno/site/qr_check/
49617,http://fpno.edu.ng/fpno/site/qr_check/
49618,http://fpno.edu.ng/fpno/site/qr_check/
49619,http://fpno.edu.ng/fpno/site/qr_check/
49620,http://fpno.edu.ng/fpno/site/qr_check/
49621,http://fpno.edu.ng/fpno/site/qr_check/
49622,http://fpno.edu.ng/fpno/site/qr_check/
49623,http://fpno.edu.ng/fpno/site/qr_check/
49624,http://fpno.edu.ng/fpno/site/qr_check/
49625,http://fpno.edu.ng/fpno/site/qr_check/
49626,http://fpno.edu.ng/fpno/site/qr_check/
49627,http://fpno.edu.ng/fpno/site/qr_check/
49628,http://fpno.edu.ng/fpno/site/qr_check/
49629,http://fpno.edu.ng/fpno/site/qr_check/
49630,http://fpno.edu.ng/fpno/site/qr_check/
49631,http://fpno.edu.ng/fpno/site/qr_check/
49632,http://fpno.edu.ng/fpno/site/qr_check/
49633,http://fpno.edu.ng/fpno/site/qr_check/
49634,http://fpno.edu.ng/fpno/site/qr_check/
49635,http://fpno.edu.ng/fpno/site/qr_check/
49636,http://fpno.edu.ng/fpno/site/qr_check/
49637,http://fpno.edu.ng/fpno/site/qr_check/
49638,http://fpno.edu.ng/fpno/site/qr_check/
49639,http://fpno.edu.ng/fpno/site/qr_check/
49640,http://fpno.edu.ng/fpno/site/qr_check/
49641,http://fpno.edu.ng/fpno/site/qr_check/
49642,http://fpno.edu.ng/fpno/site/qr_check/
49643,http://fpno.edu.ng/fpno/site/qr_check/
49644,http://fpno.edu.ng/fpno/site/qr_check/
49645,http://fpno.edu.ng/fpno/site/qr_check/
49646,http://fpno.edu.ng/fpno/site/qr_check/
49647,http://fpno.edu.ng/fpno/site/qr_check/
49648,http://fpno.edu.ng/fpno/site/qr_check/
49649,http://fpno.edu.ng/fpno/site/qr_check/
49650,http://fpno.edu.ng/fpno/site/qr_check/
49651,http://fpno.edu.ng/fpno/site/qr_check/
49652,http://fpno.edu.ng/fpno/site/qr_check/
49653,http://fpno.edu.ng/fpno/site/qr_check/
49654,http://fpno.edu.ng/fpno/site/qr_check/
49655,http://fpno.edu.ng/fpno/site/qr_check/
49656,http://fpno.edu.ng/fpno/site/qr_check/
49657,http://fpno.edu.ng/fpno/site/qr_check/
49658,http://fpno.edu.ng/fpno/site/qr_check/
49659,http://fpno.edu.ng/fpno/site/qr_check/
49660,http://fpno.edu.ng/fpno/site/qr_check/
49661,http://fpno.edu.ng/fpno/site/qr_check/
49662,http://fpno.edu.ng/fpno/site/qr_check/
49663,http://fpno.edu.ng/fpno/site/qr_check/
49664,http://fpno.edu.ng/fpno/site/qr_check/
49665,http://fpno.edu.ng/fpno/site/qr_check/
49666,http://fpno.edu.ng/fpno/site/qr_check/
49667,http://fpno.edu.ng/fpno/site/qr_check/
49668,http://fpno.edu.ng/fpno/site/qr_check/
49669,http://fpno.edu.ng/fpno/site/qr_check/
49670,http://fpno.edu.ng/fpno/site/qr_check/
49671,http://fpno.edu.ng/fpno/site/qr_check/
49672,http://fpno.edu.ng/fpno/site/qr_check/
49673,http://fpno.edu.ng/fpno/site/qr_check/
49674,http://fpno.edu.ng/fpno/site/qr_check/
49675,http://fpno.edu.ng/fpno/site/qr_check/
49676,http://fpno.edu.ng/fpno/site/qr_check/
49677,http://fpno.edu.ng/fpno/site/qr_check/
49678,http://fpno.edu.ng/fpno/site/qr_check/
49679,http://fpno.edu.ng/fpno/site/qr_check/
49680,http://fpno.edu.ng/fpno/site/qr_check/
49681,http://fpno.edu.ng/fpno/site/qr_check/
49682,http://fpno.edu.ng/fpno/site/qr_check/
49683,http://fpno.edu.ng/fpno/site/qr_check/
49684,http://fpno.edu.ng/fpno/site/qr_check/
49685,http://fpno.edu.ng/fpno/site/qr_check/
49686,http://fpno.edu.ng/fpno/site/qr_check/
49687,http://fpno.edu.ng/fpno/site/qr_check/
49688,http://fpno.edu.ng/fpno/site/qr_check/
49689,http://fpno.edu.ng/fpno/site/qr_check/
49690,http://fpno.edu.ng/fpno/site/qr_check/
49691,http://fpno.edu.ng/fpno/site/qr_check/
49692,http://fpno.edu.ng/fpno/site/qr_check/
49693,http://fpno.edu.ng/fpno/site/qr_check/
49694,http://fpno.edu.ng/fpno/site/qr_check/
49695,http://fpno.edu.ng/fpno/site/qr_check/
49696,http://fpno.edu.ng/fpno/site/qr_check/
49697,http://fpno.edu.ng/fpno/site/qr_check/
49698,http://fpno.edu.ng/fpno/site/qr_check/
49699,http://fpno.edu.ng/fpno/site/qr_check/
49700,http://fpno.edu.ng/fpno/site/qr_check/
49701,http://fpno.edu.ng/fpno/site/qr_check/
49702,http://fpno.edu.ng/fpno/site/qr_check/
49703,http://fpno.edu.ng/fpno/site/qr_check/
49704,http://fpno.edu.ng/fpno/site/qr_check/
49705,http://fpno.edu.ng/fpno/site/qr_check/
49706,http://fpno.edu.ng/fpno/site/qr_check/
49707,http://fpno.edu.ng/fpno/site/qr_check/
49708,http://fpno.edu.ng/fpno/site/qr_check/
49709,http://fpno.edu.ng/fpno/site/qr_check/
49710,http://fpno.edu.ng/fpno/site/qr_check/
49711,http://fpno.edu.ng/fpno/site/qr_check/
49712,http://fpno.edu.ng/fpno/site/qr_check/
49713,http://fpno.edu.ng/fpno/site/qr_check/
49714,http://fpno.edu.ng/fpno/site/qr_check/
49715,http://fpno.edu.ng/fpno/site/qr_check/
49716,http://fpno.edu.ng/fpno/site/qr_check/
49717,http://fpno.edu.ng/fpno/site/qr_check/
49718,http://fpno.edu.ng/fpno/site/qr_check/
49719,http://fpno.edu.ng/fpno/site/qr_check/
49720,http://fpno.edu.ng/fpno/site/qr_check/
49721,http://fpno.edu.ng/fpno/site/qr_check/
49722,http://fpno.edu.ng/fpno/site/qr_check/
49723,http://fpno.edu.ng/fpno/site/qr_check/
49724,http://fpno.edu.ng/fpno/site/qr_check/
49725,http://fpno.edu.ng/fpno/site/qr_check/
49726,http://fpno.edu.ng/fpno/site/qr_check/
49727,http://fpno.edu.ng/fpno/site/qr_check/
49728,http://fpno.edu.ng/fpno/site/qr_check/
49729,http://fpno.edu.ng/fpno/site/qr_check/
49730,http://fpno.edu.ng/fpno/site/qr_check/
49731,http://fpno.edu.ng/fpno/site/qr_check/
49732,http://fpno.edu.ng/fpno/site/qr_check/
49733,http://fpno.edu.ng/fpno/site/qr_check/
49734,http://fpno.edu.ng/fpno/site/qr_check/
49735,http://fpno.edu.ng/fpno/site/qr_check/
49736,http://fpno.edu.ng/fpno/site/qr_check/
49737,http://fpno.edu.ng/fpno/site/qr_check/
49738,http://fpno.edu.ng/fpno/site/qr_check/
49739,http://fpno.edu.ng/fpno/site/qr_check/
49740,http://fpno.edu.ng/fpno/site/qr_check/
